--
-- Daten für Tabelle `benutzer`
--

INSERT INTO `benutzer` (`email`, `passwort`, `vorname`, `name`, `strasse`, `ort`, `postleitzahl`, `telefonnummer`, `land`) VALUES
('ab10@bc10.com', 'cb51b5ab83127c02f8795b77da5bcab4', 'Carla', 'Grimm', 'Trapezstrasse 1400 b', 'Nirgendshausen', 0, '123456789', 'Schweiz'),
('ab11@bc11.com', '09c078856e3e0b93cec73c6ae953d0a7', 'Jürg', 'Jürgesen', 'Hirschstrasse 25', 'Andwil', 9205, '123456789799', 'Schweiz'),
('ab12@bc12.com', '85663396e1605fb0b12fa5bb5851285a', 'Karsten', 'Speckkopf', 'Tragikweg', 'Dresden', 58000, '1234567897899', 'Deutschland'),
('ab13@bc13.com', 'f93821e0d801990598369f88fb8df9cd', 'Falko', 'Dorado', 'Bischofsstrasse 39', 'Kradolf', 8954, '123456489', 'Schweiz'),
('ab14@bc14.com', '1017451f85c00fda31bc809beb177c87', 'Django', 'Flamengo', 'Bengalstreet 1', 'London', 2000, '12314564789', 'Great Britain'),
('ab15@bc15.com', '4e6e9749bf4cdfc46c87de645b1232aa', 'Yannick', 'Bosshardt', 'Draunweg 1b', 'Bergersdorf', 9288, '123456978999', 'Schweiz'),
('ab1@bc1.com', 'bf9a3e94214c40bc26ee50186f5eb6cf', 'Ali', 'Bengali', 'Langstrasse', 'Bimbamdorf', 9200, '1234567891011', 'Schweiz'),
('ab2@bc2.com', '41f1cd5867bbee46a3c3d0c3b2318804', 'Diana', 'Rumpf', 'Stumpfstrasse', 'Zürich', 8800, '1234567891100', 'Schweiz'),
('ab3@bc3.com', '430ccd3f86378378991d942e4e107ff7', 'Dirk', 'Braun', 'Am Weg 2', 'Goldach', 7800, '123456789101112', 'Schweiz'),
('ab4@bc4.com', 'fc4b430cdbcf9972ec56b2399ee82f1a', 'Dieter', 'Bodo', 'Hausmeisterweg 10', 'Dackelhausen', 44000, '123456789789', 'Deutschland'),
('ab5@bc5.com', 'fab2b7073fe528fd73e8ecaec7188350', 'Ronnie', 'Coleman', 'Gaschdestrasse', 'Muckibude', 1337, 123456789798, 'Schweiz'),
('ab6@bc6.com', '826c6c0b89bdc9c5eeed023c6ef121f3', 'Hans', 'Wurst', 'Brotstrasse 98', 'Baden', 8000, '123456789789', 'Schweiz'),
('ab7@bc7.com', 'f9e209dc270a1a012c9667b611c3b717', 'Ingo', 'Olek', 'Bolekweg 4', 'Dönershausen', 9800, '12345647', 'Schweiz'),
('ab8@bc8.com', '28d46f969d3d8b9615a39af40e6d92ac', 'Hanna', 'Montana', 'Luegwegstrasse', 'Zürich', 8800, '123456789', 'Schweiz'),
('ab9@bc9.com', 'c68f701f6502463259d99fcf37887f35', 'Birte', 'Kickeborg', 'Langnauweg 2', 'Langnau', 2000, '1253456789798', 'Schweiz'),
('root@air.com', MD5(  'root@air.com' ) ,  'Vorname',  'Name',  'Strasse',  'Ort',  0,  '0',  'Schweiz'), 
('user@air.com', MD5(  'user@air.com' ) ,  'UserVorname',  'UserName',  'UserStrasse',  'UserOrt',  8000,  '052261000000',  'UserLand'),
('air@ticket.com', MD5(  'air@ticket.com' ) ,  'TestUserA',  'UserNameA',  'UserStrasseA',  'UserOrtA',  8000,  '052261000000',  'UserLand'),
('ticket@air.com', MD5(  'ticket@air.com' ) ,  'TestUserB',  'UserNameB',  'UserStrasseB',  'UserOrtB',  8000,  '052261000000',  'UserLand');
--
-- Daten für Tabelle `flughafen`
--

INSERT INTO `flughafen` (`code`, `name`, `stadt`, `land`) VALUES
('ABS', 'Flughafen Abu Simbel', 'Abu Simbel', 'Ägypten'),
('ADJ', 'Flughafen Marka International', 'Amman', 'Jordanien'),
('FDF', 'Internationaler Flughafen Martinique Aimé Césaire', 'Fort-de-France', 'Frankreich'),
('FDH', 'Bodensee-Airport Friedrichshafen', 'Friedrichshafen', 'Deutschland'),
('FKS', 'Flughafen Fukushima', 'Fukushima', 'Japan'),
('FLF', 'Flugplatz Flensburg-Schäferhaus', 'Flensburg', 'Deutschland'),
('JMK', 'Flughafen Mykonos', 'Mykonos', 'Griechenland'),
('LAX', 'Los Angeles International Airport', 'Los Angeles', 'USA'),
('LHR', 'London-Heathrow', 'London', 'Grossbritannien'),
('OXF', 'Flughafen London Oxford', 'Oxford', 'Grossbritannien'),
('PPT', 'Flughafen Tahiti', 'Papeete', 'Französisch-Polynesien'),
('RGN', 'Internationaler Flughafen Rangun', 'Yangoon', 'Myanmar'),
('RKV', 'Flughafen Reykjavík', 'Reykjavík', 'Island'),
('RNS', 'Flughafen Rennes', 'Rennes', 'Frankreich'),
('SGD', 'Flughafen Sønderborg', 'Sønderborg', 'Dänemark'),
('SJJ', 'Flughafen Sarajevo', 'Sarajevo', 'Bosnien und Herzegowina'),
('USM', 'Flughafen Ko Samui', 'Koh Samui', 'Thailand'),
('VVO', 'Flughafen Wladiwostok', 'Wladiwostok', 'Russland'),
('ZRH', 'Flughafen Zürich', 'Kloten', 'Schweiz'),
('ZSA', 'Flughafen San Salvador', 'San Salvador', 'Bahamas');

--
-- Daten für Tabelle `flugzeug`
--

INSERT INTO `flugzeug` (`modell`, `reihe_business`, `sitze_business`, `reihe_economy`, `sitze_economy`) VALUES
('Airbus A300', 10, 10, 30, 12),
('Airbus A320', 15, 8, 32, 9),
('Airbus A340', 8, 12, 20, 8),
('Airbus A350', 10, 8, 20, 11),
('Airbus A380', 25, 8, 45, 10),
('Beechcraft Model 17', 6, 2, 0, 0),
('Beechcraft Model 18', 8, 2, 0, 0),
('Bell 212', 0, 0, 2, 2),
('Bell 222', 0, 0, 2, 3),
('Blohm & Voss BV 238', 2, 4, 2, 6),
('Boeing 717', 10, 8, 15, 10),
('Boeing 727', 2, 5, 7, 8),
('Boeing 737', 5, 5, 10, 10),
('Boeing 757', 5, 7, 12, 12),
('Boeing 777', 20, 5, 30, 8);

--
-- Daten für Tabelle `flug`
--

INSERT INTO `flug` (`nummer`, `von`, `nach`, `abflugzeit`, `ankunftzeit`, `dauer`, `businesspreis`, `economypreis`, `flugzeug`) VALUES
('LHX1', 'ADJ', 'FKS', '12:35:00', '13:35:00', '01:00:00', 250, 150, 'Beechcraft Model 17'),
('LHX1B', 'SGD', 'ZRH', '17:35:00', '18:35:00', '01:00:00', 450, 180, 'Boeing 757'),
('LHX3', 'FLF', 'OXF', '08:27:00', '17:35:00', '09:08:00', 1500, 899, 'Boeing 757'),
('LHX4', 'RNS', 'VVO', '04:57:00', '12:07:00', '07:50:00', 1200, 789, 'Blohm & Voss BV 238'),
('LHX5', 'ABS', 'ADJ', '14:35:00', '04:35:00', '14:00:00', 2500, 999, 'Airbus A380'),
('ABDINO789', 'FDH', 'OXF', '08:00:00', '19:00:00', '09:00:00', 2378, 250, 'Airbus A340'),
('BCL786', 'LHR', 'FLF', '09:00:00', '08:00:00', '23:00:00', 999, 666, 'Airbus A300'),
('BLH89&', 'JMK', 'ZRH', '09:00:00', '12:00:00', '03:00:00', 499, 399, 'Boeing 777'),
('CVS37', 'FDF', 'FDH', '07:25:00', '10:15:00', '02:50:00', 850, 450,  'Bell 212'),
('DATI678', 'FDH', 'LAX', '02:00:00', '14:00:00', '12:00:00', 456, 79, 'Airbus A350'),
('ADJ01', 'ADJ', 'FDF', '11:35:00', '10:35:00', '23:00:00', 999, 122, 'Airbus A340'),
('ADJ02', 'ADJ', 'FDF', '11:35:00', '10:35:00', '23:00:00', 999, 122, 'Airbus A340'),
('ADJ03', 'ADJ', 'FDF', '11:35:00', '10:35:00', '23:00:00', 999, 122, 'Airbus A340'),
('ADJ04', 'ADJ', 'FDF', '11:35:00', '10:35:00', '23:00:00', 999, 122, 'Airbus A340'),
('ADJ05', 'ADJ', 'FDF', '11:35:00', '10:35:00', '23:00:00', 999, 122, 'Airbus A340'),
('ADJ06', 'ADJ', 'FDF', '11:35:00', '10:35:00', '23:00:00', 999, 122, 'Airbus A340'),
('ADJ07', 'ADJ', 'FDF', '11:35:00', '10:35:00', '23:00:00', 999, 122, 'Airbus A340'),
('ADJ08', 'ADJ', 'FDF', '11:35:00', '10:35:00', '23:00:00', 999, 122, 'Airbus A340'),
('ADJ09', 'ADJ', 'FDF', '11:35:00', '10:35:00', '23:00:00', 999, 122, 'Airbus A340'),
('ADJ10', 'ADJ', 'FDF', '11:35:00', '10:35:00', '23:00:00', 999, 122, 'Airbus A340'),
('ADJ51', 'ADJ', 'FDF', '11:35:00', '10:35:00', '23:00:00', 999, 122, 'Airbus A340'),
('ADJ778', 'FDH', 'LHR', '02:15:00', '09:55:45', '06:40:45', 19999, 12000, 'Boeing 727'),
('HCD89%5', 'SGD', 'ZRH', '09:00:00', '14:00:00', '05:00:00', 4569, 999, 'Bell 212'),
('HJK887', 'RKV', 'SGD', '02:00:00', '05:45:00', '03:45:00', 789, 444, 'Airbus A350'),
('IN876', 'RNS', 'RKV', '07:35:11', '08:00:00', '00:25:00', 250, 199, 'Boeing 737'),
('INC8654', 'FKS', 'OXF', '00:35:00', '04:25:00', '03:50:00', 400, 254, 'Boeing 757'),
('INOX99', 'FDH', 'RKV', '07:00:05', '09:00:05', '02:00:05', 744, 288, 'Boeing 727'),
('JIKA11', 'LHR', 'JMK', '08:00:00', '09:35:00', '01:35:00', 900, 450, 'Bell 222'),
('JIKA12', 'LHR', 'JMK', '08:00:00', '09:35:00', '01:35:00', 900, 450, 'Bell 222'),
('JIKA13', 'LHR', 'JMK', '08:00:00', '09:35:00', '01:35:00', 900, 450, 'Bell 222'),
('JIKA14', 'LHR', 'JMK', '08:00:00', '09:35:00', '01:35:00', 900, 450, 'Bell 222'),
('JIKA15', 'LHR', 'JMK', '08:00:00', '09:35:00', '01:35:00', 900, 450, 'Bell 222'),
('JIKA16', 'LHR', 'JMK', '08:00:00', '09:35:00', '01:35:00', 900, 450, 'Bell 222'),
('JIKA17', 'LHR', 'JMK', '08:00:00', '09:35:00', '01:35:00', 900, 450, 'Bell 222'),
('JIKA18', 'LHR', 'JMK', '08:00:00', '09:35:00', '01:35:00', 900, 450, 'Bell 222'),
('JIKA19', 'LHR', 'JMK', '08:00:00', '09:35:00', '01:35:00', 900, 450, 'Bell 222'),
('JIKA21', 'LHR', 'JMK', '08:00:00', '09:35:00', '01:35:00', 900, 450, 'Bell 222'),
('JIKA69', 'LHR', 'JMK', '08:00:00', '09:35:00', '01:35:00', 900, 450, 'Bell 222'),
('LH345', 'ADJ', 'JMK', '14:00:00', '19:00:00', '05:00:00', 500, 200, 'Airbus A320'),
('LJK5432', 'FDH', 'LHR', '09:00:25', '04:05:20', '11:00:23', 2300, 1150, 'Blohm & Voss BV 238'),
('WAWI567', 'FDF', 'JMK', '18:05:00', '21:00:00', '02:55:00', 700, 500, 'Boeing 757'),
('WRX1337', 'FDF', 'FKS', '02:00:00', '07:35:00', '05:35:00', 789, 456, 'Boeing 727'),
('XY235b', 'LHR', 'LAX', '14:00:00', '21:53:00', '06:00:00', 555, 333, 'Beechcraft Model 18'),
('LAZH678', 'ZRH', 'LAX', '02:00:00', '14:00:00', '12:00:00', 344, 179, 'Airbus A350'),
('LAZH679', 'ZRH', 'LAX', '06:00:00', '18:00:00', '12:00:00', 279, 179, 'Airbus A340'),
('LAZH671', 'ZRH', 'LAX', '03:55:00', '14:00:00', '10:05:00', 199, 189, 'Airbus A320'),
('LAZH672', 'ZRH', 'LAX', '04:00:00', '16:00:00', '12:00:00', 456, 169, 'Airbus A380'),
('LAZH673', 'ZRH', 'LAX', '06:00:00', '18:00:00', '12:00:00', 788, 149, 'Airbus A340'),
('LAZH674', 'ZRH', 'LAX', '08:00:00', '20:00:00', '12:00:00', 444, 149, 'Airbus A340'),
('LAZH675', 'ZRH', 'LAX', '10:00:00', '22:00:00', '12:00:00', 888, 119, 'Airbus A350'),
('LAZH676', 'ZRH', 'LAX', '22:00:00', '10:00:00', '12:00:00', 789, 179, 'Airbus A320'),
('LAZH677', 'ZRH', 'LAX', '16:00:00', '04:00:00', '12:00:00', 122, 179, 'Airbus A320'),
('LAZH6781', 'ZRH', 'LAX', '18:00:00', '16:00:00', '12:00:00', 350, 189, 'Airbus A350'),
('LAZH6782', 'ZRH', 'LAX', '22:00:00', '10:00:00', '12:00:00', 456, 179, 'Airbus A340'),
('LAZH6783', 'ZRH', 'LAX', '02:00:00', '14:00:00', '12:00:00', 457, 179, 'Airbus A350'),
('LAZH6784', 'ZRH', 'LAX', '20:00:00', '08:00:00', '12:00:00', 458, 179, 'Airbus A350'),
('LAZH6785', 'ZRH', 'LAX', '21:00:00', '09:00:00', '12:00:00', 454, 279, 'Airbus A380'),
('LAZH1781', 'ZRH', 'LAX', '21:00:00', '09:00:00', '12:00:00', 455, 79, 'Airbus A320'),
('LAZH1782', 'ZRH', 'LAX', '23:00:00', '11:00:00', '12:00:00', 456, 279, 'Airbus A350'),
('LAZH1783', 'ZRH', 'LAX', '24:00:00', '12:00:00', '12:00:00', 450, 159, 'Airbus A350'),
('LAZH1784', 'ZRH', 'LAX', '01:00:00', '13:00:00', '12:00:00', 411, 149, 'Airbus A340'),
('LAZH1785', 'ZRH', 'LAX', '03:00:00', '15:00:00', '12:00:00', 445, 169, 'Airbus A340'),
('LAZH1786', 'ZRH', 'LAX', '07:00:00', '19:00:00', '12:00:00', 476, 189, 'Airbus A350'),
('LAZH1787', 'ZRH', 'LAX', '21:00:00', '09:00:00', '12:00:00', 488, 199, 'Airbus A300'),
('LAZH1788', 'ZRH', 'LAX', '22:00:00', '10:00:00', '12:00:00', 600, 172, 'Airbus A300'),
('LAZH1789', 'ZRH', 'LAX', '23:00:00', '11:00:00', '12:00:00', 450, 174, 'Airbus A350'),
('LAZH1780', 'ZRH', 'LAX', '24:00:00', '12:00:00', '12:00:00', 499, 176, 'Airbus A350'),
('ZHLA1337', 'LAX', 'ZRH', '21:00:00', '09:00:00', '12:00:00', 659, 279, 'Airbus A350'),
('ZHLA1338', 'LAX', 'ZRH', '22:00:00', '10:00:00', '12:00:00', 759, 279, 'Airbus A340'),
('ZHLA1339', 'LAX', 'ZRH', '23:00:00', '11:00:00', '12:00:00', 459, 179, 'Airbus A350'),
('ZHLA1331', 'LAX', 'ZRH', '24:00:00', '12:00:00', '12:00:00', 559, 169, 'Airbus A340'),
('ZHLA1332', 'LAX', 'ZRH', '01:00:00', '13:00:00', '12:00:00', 666, 199, 'Airbus A320'),
('ZHLA1333', 'LAX', 'ZRH', '02:00:00', '14:00:00', '12:00:00', 453, 239, 'Airbus A380'),
('ZHLA1334', 'LAX', 'ZRH', '04:00:00', '16:00:00', '12:00:00', 452, 239, 'Airbus A380'),
('ZHLA1335', 'LAX', 'ZRH', '06:00:00', '18:00:00', '12:00:00', 451, 249, 'Airbus A350'),
('ZHLA1336', 'LAX', 'ZRH', '08:00:00', '20:00:00', '12:00:00', 445, 149, 'Airbus A350'),
('ZHLA1330', 'LAX', 'ZRH', '11:00:00', '23:00:00', '12:00:00', 678, 279, 'Airbus A340'),
('ZHLA13372', 'LAX', 'ZRH', '14:00:00', '02:00:00', '12:00:00', 444, 279, 'Airbus A320'),
('ZHLA13371', 'LAX', 'ZRH', '15:00:00', '03:00:00', '12:00:00', 499, 379, 'Airbus A350'),
('ZHLA13373', 'LAX', 'ZRH', '20:00:00', '08:00:00', '12:00:00', 479, 259, 'Airbus A380'),
('ZHLA13374', 'LAX', 'ZRH', '21:00:00', '09:00:00', '12:00:00', 488, 260, 'Airbus A380'),
('ZHLA13375', 'LAX', 'ZRH', '23:00:00', '11:00:00', '12:00:00', 513, 300, 'Airbus A350'),
('ZHLA13376', 'LAX', 'ZRH', '22:00:00', '10:00:00', '12:00:00', 567, 254, 'Airbus A320'),
('ZHLA13377', 'LAX', 'ZRH', '21:00:00', '09:00:00', '12:00:00', 432, 200, 'Airbus A300'),
('ZHLA23372', 'LAX', 'ZRH', '14:00:00', '02:00:00', '12:00:00', 444, 279, 'Airbus A300'),
('ZHLA23371', 'LAX', 'ZRH', '15:00:00', '03:00:00', '12:00:00', 499, 379, 'Airbus A300'),
('ZHLA23373', 'LAX', 'ZRH', '20:00:00', '08:00:00', '12:00:00', 479, 259, 'Airbus A350'),
('ZHLA23374', 'LAX', 'ZRH', '21:00:00', '09:00:00', '12:00:00', 488, 260, 'Airbus A340'),
('ZHLA23375', 'LAX', 'ZRH', '23:00:00', '11:00:00', '12:00:00', 513, 300, 'Airbus A350'),
('ZHLA23376', 'LAX', 'ZRH', '22:00:00', '10:00:00', '12:00:00', 567, 254, 'Airbus A350'),
('ZHLA33372', 'LAX', 'ZRH', '14:00:00', '02:00:00', '12:00:00', 444, 279, 'Airbus A320'),
('ZHLA33371', 'LAX', 'ZRH', '15:00:00', '03:00:00', '12:00:00', 499, 379, 'Airbus A350'),
('ZHLA33373', 'LAX', 'ZRH', '20:00:00', '08:00:00', '12:00:00', 479, 259, 'Airbus A350'),
('ZHLA33374', 'LAX', 'ZRH', '21:00:00', '09:00:00', '12:00:00', 488, 260, 'Airbus A340'),
('ZHLA33375', 'LAX', 'ZRH', '23:00:00', '11:00:00', '12:00:00', 513, 300, 'Airbus A340'),
('ZHLA33376', 'LAX', 'ZRH', '22:00:00', '10:00:00', '12:00:00', 567, 254, 'Airbus A320');


--
-- Daten für Tabelle `rolle`
--

INSERT INTO `rolle` (`rollen`, `email`) VALUES
('manager-gui', 'root@air.com'),
('user', 'user@air.com'),
('user', 'air@ticket.com'),
('user', 'ticket@air.com'),
('Benutzer', 'ab1@bc1.com'),
('Administrator', 'ab2@bc2.com');

--
-- Daten für Tabelle `ticket`
--

INSERT INTO `ticket` ( `abflugdatum`, `sitzreihe`, `sitzspalte`, `klasse`, `flug`, `benutzer`) VALUES
( '2013-04-09', 2, 4, 'Economy', 'LHX1', 'user@air.com'),
( '2013-04-09', 1, 5, 'Economy', 'LHX1', 'user@air.com'),
( '2013-04-09', 2, 3, 'Economy', 'LHX1', 'user@air.com'),
( '2013-04-09', 4, 5, 'Economy', 'LHX1', 'user@air.com'),
( '2013-04-09', 11, 2, 'Economy', 'LHX1B', 'user@air.com'),
( '2013-04-09', 7, 5, 'Economy', 'LHX1B', 'user@air.com'),
( '2013-02-15', 8, 2, 'Economy', 'LHX3', 'ab5@bc5.com'),
( '2013-02-04', 3, 7, 'Business', 'LHX1B', 'ab14@bc14.com'),
( '2013-02-27', 12, 3, 'Business', 'LHX1B', 'ab12@bc12.com'),
( '2013-02-15', 3, 5, 'Business', 'LHX3', 'ab7@bc7.com'),
( '2013-02-01', 8, 7, 'Business', 'LHX5', 'ab5@bc5.com'),
( '2013-02-22', 3, 9, 'Business', 'LHX5', 'ab11@bc11.com');


--
-- Daten für Tabelle `geplant`
--
INSERT INTO `geplant` (`nummer`, `geplant`) VALUES
('LAZH678', '2013-04-09'),
('LAZH678', '2013-04-10'),
('LAZH678', '2013-04-11'),
('LAZH678', '2013-04-12'),
('LAZH678', '2013-04-13'),
('LAZH678', '2013-04-15'),
('LAZH678', '2013-04-16'),
('LAZH678', '2013-04-17'),
('LAZH678', '2013-04-20'),
('LAZH678', '2013-04-21'),
('LAZH678', '2013-04-22'),
('LAZH678', '2013-04-23'),
('LAZH678', '2013-04-24'),
('LAZH678', '2013-04-26'),
('LAZH678', '2013-04-28'),
('LAZH679', '2013-04-10'),
('LAZH679', '2013-04-11'),
('LAZH679', '2013-04-12'),
('LAZH679', '2013-04-13'),
('LAZH679', '2013-04-14'),
('LAZH679', '2013-04-15'),
('LAZH679', '2013-04-17'),
('LAZH679', '2013-04-18'),
('LAZH679', '2013-04-20'),
('LAZH679', '2013-04-22'),
('LAZH679', '2013-04-23'),
('LAZH679', '2013-04-26'),
('LAZH679', '2013-04-27'),
('LAZH671', '2013-04-09'),
('LAZH671', '2013-04-10'),
('LAZH671', '2013-04-12'),
('LAZH671', '2013-04-15'),
('LAZH672', '2013-04-17'),
('LAZH672', '2013-04-19'),
('LAZH672', '2013-04-20'),
('LAZH672', '2013-04-09'),
('LAZH674', '2013-04-10'),
('LAZH674', '2013-04-11'),
('LAZH674', '2013-04-15'),
('LAZH674', '2013-04-16'),
('LAZH674', '2013-04-27'),
('LAZH674', '2013-04-28'),
('LAZH675', '2013-04-09'),
('LAZH675', '2013-04-15'),
('LAZH675', '2013-04-30'),
('LAZH676', '2013-04-09'),
('LAZH676', '2013-04-17'),
('LAZH677', '2013-04-09'),
('LAZH677', '2013-04-10'),
('LAZH677', '2013-04-15'),
('LAZH677', '2013-04-16'),
('LAZH677', '2013-04-18'),
('LAZH677', '2013-04-20'),
('LAZH677', '2013-04-21'),
('LAZH677', '2013-04-22'),
('LAZH677', '2013-04-30'),
('LAZH1781', '2013-04-09'),
('LAZH1781', '2013-04-10'),
('LAZH1781', '2013-04-11'),
('LAZH1781', '2013-04-12'),
('LAZH1781', '2013-04-13'),
('LAZH1781', '2013-04-14'),
('LAZH1781', '2013-04-17'),
('LAZH1781', '2013-04-21'),
('LAZH1781', '2013-04-22'),
('LAZH1782', '2013-04-08'),
('LAZH1782', '2013-04-10'),
('LAZH1782', '2013-04-11'),
('LAZH1782', '2013-04-12'),
('LAZH1782', '2013-04-13'),
('LAZH1782', '2013-04-14'),
('LAZH1782', '2013-04-17'),
('LAZH1782', '2013-04-19'),
('LAZH1783', '2013-04-09'),
('LAZH1783', '2013-04-10'),
('LAZH1783', '2013-04-11'),
('LAZH1783', '2013-04-12'),
('LAZH1783', '2013-04-13'),
('LAZH1783', '2013-04-14'),
('LAZH1783', '2013-04-15'),
('LAZH1783', '2013-04-23'),
('LAZH1783', '2013-04-25'),
('LAZH1783', '2013-04-27'),
('LAZH1784', '2013-04-09'),
('LAZH1784', '2013-04-13'),
('LAZH1784', '2013-04-14'),
('LAZH1784', '2013-04-15'),
('LAZH1784', '2013-04-17'),
('LAZH1784', '2013-04-18'),
('LAZH1784', '2013-04-20'),
('LAZH1784', '2013-04-27'),
('LAZH1785', '2013-04-09'),
('LAZH1785', '2013-04-11'),
('LAZH1785', '2013-04-12'),
('LAZH1786', '2013-04-13'),
('LAZH1786', '2013-04-15'),
('LAZH1786', '2013-04-17'),
('LAZH1786', '2013-04-18'),
('LAZH1786', '2013-04-19'),
('LAZH1786', '2013-04-29'),
('LAZH1787', '2013-04-11'),
('LAZH1787', '2013-04-12'),
('LAZH1787', '2013-04-13'),
('LAZH1787', '2013-04-14'),
('LAZH1788', '2013-04-15'),
('LAZH1788', '2013-04-16'),
('LAZH1788', '2013-04-17'),
('LAZH1788', '2013-04-18'),
('LAZH1789', '2013-04-19'),
('LAZH1789', '2013-04-20'),
('LAZH1789', '2013-04-21'),
('LAZH1789', '2013-04-22'),
('LAZH1789', '2013-04-23'),
('LAZH1789', '2013-04-24'),
('LAZH1789', '2013-04-25'),
('LAZH1789', '2013-04-26'),
('LAZH1789', '2013-04-27'),
('LAZH1789', '2013-04-28'),
('LAZH1789', '2013-04-29'),
('LAZH1789', '2013-04-30'),
('LAZH1789', '2013-05-01'),
('LAZH1789', '2013-05-02'),
('LAZH1789', '2013-05-03'),
('LAZH1789', '2013-05-04'),
('LAZH1789', '2013-05-05'),
('LAZH1789', '2013-05-06'),
('LAZH1789', '2013-05-07'),
('LAZH1789', '2013-05-08'),
('LAZH1789', '2013-05-09'),
('LAZH1789', '2013-05-10'),
('LAZH1789', '2013-05-11'),
('LAZH1789', '2013-05-12'),
('LAZH1789', '2013-05-13'),
('LAZH1789', '2013-05-14'),
('LAZH1789', '2013-05-15'),
('LAZH1789', '2013-05-16'),
('LAZH1789', '2013-05-17'),
('LAZH1789', '2013-05-18'),
('LAZH1789', '2013-05-19'),
('LAZH1789', '2013-05-20'),
('ZHLA1337', '2013-04-10'),
('ZHLA1337', '2013-04-11'),
('ZHLA1337', '2013-04-12'),
('ZHLA1337', '2013-04-13'),
('ZHLA1337', '2013-04-14'),
('ZHLA1337', '2013-04-15'),
('ZHLA1337', '2013-04-16'),
('ZHLA1337', '2013-04-17'),
('ZHLA1337', '2013-04-18'),
('ZHLA1337', '2013-04-19'),
('ZHLA1337', '2013-04-20'),
('ZHLA1337', '2013-04-21'),
('ZHLA1337', '2013-04-22'),
('ZHLA1337', '2013-04-23'),
('ZHLA1337', '2013-04-24'),
('ZHLA1337', '2013-04-25'),
('ZHLA1337', '2013-04-26'),
('ZHLA1337', '2013-04-27'),
('ZHLA1337', '2013-04-28'),
('ZHLA1337', '2013-04-29'),
('ZHLA1337', '2013-04-30'),
('ZHLA1337', '2013-05-01'),
('ZHLA1337', '2013-05-02'),
('ZHLA1336', '2013-04-10'),
('ZHLA1336', '2013-04-12'),
('ZHLA1336', '2013-04-13'),
('ZHLA1336', '2013-04-16'),
('ZHLA1336', '2013-04-17'),
('ZHLA1336', '2013-04-19'),
('ZHLA1336', '2013-04-20'),
('ZHLA1336', '2013-04-22'),
('ZHLA1336', '2013-04-23'),
('ZHLA1336', '2013-04-25'),
('ZHLA1336', '2013-04-27'),
('ZHLA1336', '2013-04-29'),
('ZHLA1336', '2013-04-30'),
('ZHLA1336', '2013-05-06'),
('ZHLA1336', '2013-05-11'),
('ZHLA1336', '2013-05-12'),
('ZHLA1336', '2013-05-13'),
('ZHLA1336', '2013-05-14'),
('ZHLA1335', '2013-04-10'),
('ZHLA1335', '2013-04-11'),
('ZHLA1335', '2013-04-12'),
('ZHLA1335', '2013-04-13'),
('ZHLA1335', '2013-04-14'),
('ZHLA1335', '2013-04-15'),
('ZHLA1335', '2013-04-17'),
('ZHLA1335', '2013-04-19'),
('ZHLA1335', '2013-04-20'),
('ZHLA1335', '2013-04-21'),
('ZHLA1335', '2013-04-22'),
('ZHLA1335', '2013-04-23'),
('ZHLA1335', '2013-04-25'),
('ZHLA1335', '2013-04-27'),
('ZHLA1334', '2013-04-10'),
('ZHLA1334', '2013-04-15'),
('ZHLA1334', '2013-04-16'),
('ZHLA1334', '2013-04-17'),
('ZHLA1334', '2013-04-18'),
('ZHLA1334', '2013-04-20'),
('ZHLA1334', '2013-04-21'),
('ZHLA1334', '2013-04-27'),
('ZHLA1334', '2013-04-30'),
('ZHLA1334', '2013-05-10'),
('ZHLA1334', '2013-05-13'),
('ZHLA1333', '2013-04-20'),
('ZHLA1333', '2013-04-21'),
('ZHLA1333', '2013-04-22'),
('ZHLA1333', '2013-04-27'),
('ZHLA1333', '2013-05-01'),
('ZHLA1333', '2013-05-02'),
('ZHLA1333', '2013-05-05'),
('ZHLA1333', '2013-05-06'),
('ZHLA1333', '2013-05-08'),
('ZHLA1333', '2013-05-10'),
('ZHLA1332', '2013-04-14'),
('ZHLA1332', '2013-04-15'),
('ZHLA1332', '2013-04-16'),
('ZHLA1332', '2013-04-17'),
('ZHLA1332', '2013-04-18'),
('ZHLA1332', '2013-04-19'),
('ZHLA1332', '2013-04-20'),
('ZHLA1332', '2013-04-22'),
('ZHLA1332', '2013-04-23'),
('ZHLA1332', '2013-04-24'),
('ZHLA1332', '2013-04-28'),
('ZHLA1332', '2013-05-11'),
('ZHLA1332', '2013-05-13'),
('ZHLA1332', '2013-05-14'),
('ZHLA1332', '2013-05-16'),
('ZHLA1332', '2013-05-19'),
('ZHLA1331', '2013-04-10'),
('ZHLA1331', '2013-04-11'),
('ZHLA1331', '2013-04-12'),
('ZHLA1331', '2013-04-13'),
('ZHLA1331', '2013-04-16'),
('ZHLA1331', '2013-04-17'),
('ZHLA1331', '2013-04-18'),
('ZHLA1331', '2013-04-19'),
('ZHLA1331', '2013-04-20'),
('ZHLA1331', '2013-04-22'),
('ZHLA1331', '2013-04-25'),
('ZHLA1331', '2013-04-27'),
('ZHLA1331', '2013-05-01'),
('ZHLA1331', '2013-05-02'),
('ZHLA1331', '2013-05-03'),
('ZHLA1331', '2013-05-04'),
('ZHLA1331', '2013-05-05'),
('ZHLA1331', '2013-05-06'),
('ZHLA1331', '2013-05-07'),
('ZHLA1338', '2013-04-10'),
('ZHLA1338', '2013-04-11'),
('ZHLA1338', '2013-04-12'),
('ZHLA1338', '2013-04-13'),
('ZHLA1338', '2013-04-14'),
('ZHLA1338', '2013-04-16'),
('ZHLA1338', '2013-04-17'),
('ZHLA1338', '2013-04-18'),
('ZHLA1338', '2013-04-19'),
('ZHLA1338', '2013-04-20'),
('ZHLA1338', '2013-04-22'),
('ZHLA1338', '2013-04-23'),
('ZHLA1338', '2013-04-25'),
('ZHLA1338', '2013-04-29'),
('ZHLA1338', '2013-05-01'),
('ZHLA1338', '2013-05-02'),
('ZHLA1338', '2013-05-05'),
('ZHLA1338', '2013-05-07'),
('ZHLA1339', '2013-04-11'),
('ZHLA1339', '2013-04-12'),
('ZHLA1339', '2013-04-13'),
('ZHLA1339', '2013-04-14'),
('ZHLA1339', '2013-04-15'),
('ZHLA1339', '2013-04-16'),
('ZHLA1339', '2013-04-17'),
('ZHLA1339', '2013-04-18'),
('ZHLA1339', '2013-04-19'),
('ZHLA1339', '2013-04-20'),
('ZHLA1339', '2013-04-22'),
('ZHLA1339', '2013-04-26'),
('ZHLA1339', '2013-04-28'),
('ZHLA1339', '2013-04-30'),
('ZHLA1339', '2013-05-01'),
('ZHLA1339', '2013-05-02'),
('ZHLA1339', '2013-05-03'),
('ZHLA1339', '2013-05-04'),
('ZHLA1339', '2013-05-06'),
('ZHLA1339', '2013-05-09'),
('ZHLA1339', '2013-05-11'),
('ZHLA1339', '2013-05-12'),
('ZHLA1339', '2013-05-13'),
('ZHLA1339', '2013-05-14'),
('ZHLA1339', '2013-05-15'),
('ZHLA1339', '2013-05-17'),
('ZHLA1339', '2013-05-19'),
('ZHLA1339', '2013-05-20'),
('ZHLA1339', '2013-05-22'),
('ZHLA1339', '2013-05-25'),
('ZHLA1339', '2013-05-26');